{
  "generated_at_utc": "2026-03-06T06:50:03.826946+00:00",
  "normalization_rule": "values > 1.5 are interpreted as 0-100 percentages and divided by 100",
  "columns": {
    "adj_net_rtg": {
      "raw": {
        "count": 553,
        "mean": -35.653164556962025,
        "std": 35.146085646605464,
        "min": -126.9,
        "max": 50.1,
        "p1": -112.232,
        "p5": -93.14,
        "p50": -30.8,
        "p95": 16.04,
        "p99": 30.480000000000018
      },
      "raw_scale": {
        "present": true,
        "scale": "MIXED_0_1_AND_0_100",
        "rows": 553,
        "min": -126.9,
        "max": 50.1,
        "mean": -35.653164556962025,
        "violations": 458
      }
    },
    "drb_pct": {
      "raw": {
        "count": 573,
        "mean": 70.59668411867364,
        "std": 9.596292886967879,
        "min": 36.0,
        "max": 97.0,
        "p1": 48.464,
        "p5": 54.04,
        "p50": 70.4,
        "p95": 85.28,
        "p99": 91.484
      },
      "raw_scale": {
        "present": true,
        "scale": "PCT_0_100",
        "rows": 573,
        "min": 36.0,
        "max": 97.0,
        "mean": 70.59668411867364,
        "violations": 0
      },
      "normalized": {
        "count": 573,
        "mean": 0.7059668411867365,
        "std": 0.09596292886967878,
        "min": 0.36,
        "max": 0.97,
        "p1": 0.48464,
        "p5": 0.5404,
        "p50": 0.7040000000000001,
        "p95": 0.8528,
        "p99": 0.91484
      },
      "post_normalization_out_of_bounds": 0
    },
    "drb_pct_l10": {
      "raw": {
        "count": 440,
        "mean": 70.46822727272728,
        "std": 5.20048730611607,
        "min": 42.1,
        "max": 90.9,
        "p1": 57.86,
        "p5": 63.5935,
        "p50": 70.31,
        "p95": 78.704,
        "p99": 84.84400000000001
      },
      "raw_scale": {
        "present": true,
        "scale": "PCT_0_100",
        "rows": 440,
        "min": 42.1,
        "max": 90.9,
        "mean": 70.46822727272728,
        "violations": 0
      },
      "normalized": {
        "count": 440,
        "mean": 0.7046822727272726,
        "std": 0.0520048730611607,
        "min": 0.42100000000000004,
        "max": 0.909,
        "p1": 0.5786,
        "p5": 0.635935,
        "p50": 0.7031000000000001,
        "p95": 0.78704,
        "p99": 0.8484400000000001
      },
      "post_normalization_out_of_bounds": 0
    },
    "efg_pct": {
      "raw": {
        "count": 573,
        "mean": 46.66631762652705,
        "std": 9.888126390180721,
        "min": 16.2,
        "max": 76.0,
        "p1": 21.904,
        "p5": 30.36,
        "p50": 46.6,
        "p95": 62.31999999999999,
        "p99": 69.456
      },
      "raw_scale": {
        "present": true,
        "scale": "PCT_0_100",
        "rows": 573,
        "min": 16.2,
        "max": 76.0,
        "mean": 46.66631762652705,
        "violations": 0
      },
      "normalized": {
        "count": 573,
        "mean": 0.46666317626527043,
        "std": 0.09888126390180722,
        "min": 0.162,
        "max": 0.76,
        "p1": 0.21904,
        "p5": 0.3036,
        "p50": 0.466,
        "p95": 0.6232,
        "p99": 0.69456
      },
      "post_normalization_out_of_bounds": 0
    },
    "efg_pct_l10": {
      "raw": {
        "count": 440,
        "mean": 50.111363636363635,
        "std": 5.948298148863135,
        "min": 28.0,
        "max": 69.3,
        "p1": 30.956,
        "p5": 37.29,
        "p50": 50.995000000000005,
        "p95": 57.574999999999996,
        "p99": 61.357200000000006
      },
      "raw_scale": {
        "present": true,
        "scale": "PCT_0_100",
        "rows": 440,
        "min": 28.0,
        "max": 69.3,
        "mean": 50.111363636363635,
        "violations": 0
      },
      "normalized": {
        "count": 440,
        "mean": 0.5011136363636364,
        "std": 0.05948298148863135,
        "min": 0.28,
        "max": 0.693,
        "p1": 0.30956,
        "p5": 0.3729,
        "p50": 0.50995,
        "p95": 0.57575,
        "p99": 0.6135720000000001
      },
      "post_normalization_out_of_bounds": 0
    },
    "form_rating": {
      "raw": {
        "count": 372,
        "mean": -3.58002688172043,
        "std": 14.399287868790928,
        "min": -83.27,
        "max": 28.38,
        "p1": -60.3082,
        "p5": -23.379,
        "p50": -2.2800000000000002,
        "p95": 15.359,
        "p99": 25.864500000000003
      },
      "raw_scale": {
        "present": true,
        "scale": "MIXED_0_1_AND_0_100",
        "rows": 372,
        "min": -83.27,
        "max": 28.38,
        "mean": -3.58002688172043,
        "violations": 222
      }
    },
    "ftr": {
      "raw": {
        "count": 573,
        "mean": 29.416055846422335,
        "std": 15.442975793936196,
        "min": 1.4,
        "max": 93.2,
        "p1": 4.644,
        "p5": 9.5,
        "p50": 26.7,
        "p95": 57.839999999999996,
        "p99": 71.92399999999998
      },
      "raw_scale": {
        "present": true,
        "scale": "MIXED_0_1_AND_0_100",
        "rows": 573,
        "min": 1.4,
        "max": 93.2,
        "mean": 29.416055846422335,
        "violations": 0
      },
      "normalized": {
        "count": 573,
        "mean": 0.29657940663176263,
        "std": 0.16074791184972145,
        "min": 0.02,
        "max": 1.4,
        "p1": 0.05564,
        "p5": 0.095,
        "p50": 0.268,
        "p95": 0.579,
        "p99": 0.7364799999999988
      },
      "post_normalization_out_of_bounds": 0
    },
    "ftr_l10": {
      "raw": {
        "count": 440,
        "mean": 33.01656818181819,
        "std": 8.81164569269175,
        "min": 1.5,
        "max": 57.08,
        "p1": 7.473,
        "p5": 15.280000000000001,
        "p50": 33.959999999999994,
        "p95": 46.27,
        "p99": 49.82460000000001
      },
      "raw_scale": {
        "present": true,
        "scale": "MIXED_0_1_AND_0_100",
        "rows": 440,
        "min": 1.5,
        "max": 57.08,
        "mean": 33.01656818181819,
        "violations": 0
      },
      "normalized": {
        "count": 440,
        "mean": 0.3335406818181818,
        "std": 0.10313886757222313,
        "min": 0.057999999999999996,
        "max": 1.5,
        "p1": 0.07939,
        "p5": 0.15395,
        "p50": 0.34055,
        "p95": 0.46273000000000003,
        "p99": 0.503735
      },
      "post_normalization_out_of_bounds": 0
    },
    "net_rtg_l10": {
      "raw": {
        "count": 440,
        "mean": -9.068522727272727,
        "std": 24.273828580469726,
        "min": -107.1,
        "max": 31.65,
        "p1": -84.415,
        "p5": -66.57499999999999,
        "p50": -2.09,
        "p95": 14.992999999999988,
        "p99": 24.21970000000001
      },
      "raw_scale": {
        "present": true,
        "scale": "MIXED_0_1_AND_0_100",
        "rows": 440,
        "min": -107.1,
        "max": 31.65,
        "mean": -9.068522727272727,
        "violations": 260
      }
    },
    "net_rtg_std_l10": {
      "raw": {
        "count": 373,
        "mean": 18.021501340482576,
        "std": 4.805258669697811,
        "min": 6.66,
        "max": 33.65,
        "p1": 9.1348,
        "p5": 10.918,
        "p50": 17.89,
        "p95": 26.924,
        "p99": 30.729199999999985
      },
      "raw_scale": {
        "present": true,
        "scale": "PCT_0_100",
        "rows": 373,
        "min": 6.66,
        "max": 33.65,
        "mean": 18.021501340482576,
        "violations": 0
      }
    },
    "orb_pct": {
      "raw": {
        "count": 573,
        "mean": 29.40331588132635,
        "std": 9.596292886967879,
        "min": 3.0,
        "max": 64.0,
        "p1": 8.516,
        "p5": 14.72,
        "p50": 29.6,
        "p95": 45.959999999999994,
        "p99": 51.535999999999966
      },
      "raw_scale": {
        "present": true,
        "scale": "PCT_0_100",
        "rows": 573,
        "min": 3.0,
        "max": 64.0,
        "mean": 29.40331588132635,