{
  "generated_at_utc": "2026-03-06T06:50:06.645549+00:00",
  "model_version": "joint_v1.0",
  "pred_margin_final": {
    "count": 89,
    "mean": 0.7186885370831761,
    "std": 6.775654137333537,
    "min": -18.362675084643893,
    "max": 18.03492378077066,
    "p1": -11.512156311586518,
    "p5": -9.004419909378157,
    "p50": 0.4848427764042256,
    "p95": 11.76693276845541,
    "p99": 15.515309415235162
  },
  "pred_margin_raw": {
    "count": 89,
    "mean": 0.7186885370831761,
    "std": 6.775654137333537,
    "min": -18.362675084643893,
    "max": 18.03492378077066,
    "p1": -11.512156311586518,
    "p5": -9.004419909378157,
    "p50": 0.4848427764042256,
    "p95": 11.76693276845541,
    "p99": 15.515309415235162
  },
  "pred_margin_legacy_reference": {
    "count": 89,
    "mean": 5.526629589737376,
    "std": 58.325832937572365,
    "min": -70.0,
    "max": 70.0,
    "p1": -70.0,
    "p5": -66.18144499253991,
    "p50": 48.35687943744869,
    "p95": 67.69206424986434,
    "p99": 70.0
  },
  "constant_values_checked": [
    -70.0,
    -56.0,
    -44.0,
    44.0,
    56.0,
    70.0
  ]
}