event_id,game_id,home_team,away_team,pred_spread,pred_margin_raw,pred_total,pred_total_raw,allocation_pct,spread_signal_raw,sanity_flag,sanity_flag_total,odi_star_diff,sme_diff,posw,pxp_diff,lns_diff,vol_diff,sch,wl,svi_avg,tc_diff
401804962,401804962,Florida International Panthers,Middle Tennessee Blue Raiders,4.243895885096043,4.243895885096043,175.0,180.3518153409502,0.012125416814560122,0.15274461881202553,,TOTAL_OUT_OF_RANGE,0.07700000000000003,0.0,0.17421599999999998,-0.045692508250632646,-3.7199999999999998,1.4299999999999997,5.083,0.0,2.068304450791819,0.8525000000000027
401851526,401851526,UT Martin Skyhawks,Eastern Illinois Panthers,-6.403269998499294,-6.403269998499294,110.0,109.13779572770741,-0.029105772720451336,-0.3812841497423705,,TOTAL_OUT_OF_RANGE,-0.22926000000000005,0.0,-0.35195208,0.03615243931301437,1.4300000000000002,13.657575178458544,1.4396000000000004,0.0,0.3860214397561752,-0.14000000000000057
401809151,401809151,Hawai'i Rainbow Warriors,UC Riverside Highlanders,2.2274292858020024,2.2274292858020024,175.0,183.75603216193855,0.006364083673720007,0.07971949544721907,,TOTAL_OUT_OF_RANGE,-0.014500000000000042,0.0,-0.29908800000000013,0.2428889780566098,2.42,3.8099999999999987,5.400000000000003,0.0,1.7457768016154498,0.875
