prob_bucket,n_games,predicted_win_rate,actual_win_rate,calibration_error
00-10%,0,,,
10-20%,0,,,
20-30%,0,,,
30-40%,20,0.37,0.6,0.22999999999999998
40-50%,158,0.4367341772151899,0.569620253164557,0.13288607594936708
50-60%,42,0.5432380952380952,0.7619047619047619,0.21866666666666668
60-70%,0,,,
70-80%,0,,,
80-90%,26,0.8698461538461538,0.7692307692307693,0.10061538461538455
90-100%,54,0.9385555555555556,0.5555555555555556,0.383
