model_name,n_games,spread_mae,spread_rmse,spread_bias,spread_r2,n_ats_games,ats_correct,ats_pct,n_ou_games,ou_correct,ou_pct,win_correct,win_pct,brier_score,n_edge_games,edge_ats_pct,edge_roi_sim,conf_ats_corr,pipeline_run_id
FourFactors,3297,11.401828935395814,14.62972620517342,3.628744313011829,0.0029959322610656836,88,42,47.7,88,38,43.2,1736,52.7,0.2498,68,45.6,-13.0,-0.024,22441096216
AdjEfficiency,3297,17.609745222929938,22.753205272374668,3.9155929632999693,0.06485537323044221,88,40,45.5,88,36,40.9,1922,58.3,0.3166,79,46.8,-10.6,0.0,22441096216
Pythagorean,3297,16.379617834394903,20.781697301611832,3.9581801637852596,0.07206279915149451,88,46,52.3,88,36,40.9,1934,58.7,0.3074,73,50.7,-3.2,0.0,22441096216
Situational,3297,15.179414619350924,19.60357697408691,3.890090991810737,0.07377169851236108,88,42,47.7,88,38,43.2,1947,59.1,0.2979,73,47.9,-8.5,0.0,22441096216
CAGERankings,3297,14.338777676675765,18.5013637686023,3.834695177434031,0.06452834801773547,88,40,45.5,88,37,42.0,1922,58.3,0.294,73,49.3,-5.9,0.0,22441096216
Ensemble,3297,13.688717015468606,17.59862360887644,3.8371549893842887,0.07071677802311839,88,40,45.5,88,46,52.3,1952,59.2,0.2876,72,51.4,-1.9,0.202,22441096216
