model_name,n_games,spread_mae,spread_rmse,spread_bias,spread_r2,n_ats_games,ats_correct,ats_pct,n_ou_games,ou_correct,ou_pct,win_correct,win_pct,brier_score,n_edge_games,edge_ats_pct,edge_roi_sim,conf_ats_corr,pipeline_run_id
FourFactors,4046,11.758030153237767,15.158345258268072,4.223803756796836,0.0036459459013609328,0,0,0.0,0,0,0.0,2136,52.8,0.2498,0,0.0,0.0,0.0,20260304_203403
AdjEfficiency,4046,18.110410281759762,23.3959574977554,4.359006426099852,0.06003108186611665,0,0,0.0,0,0,0.0,2324,57.4,0.3247,0,0.0,0.0,0.0,20260304_203403
Pythagorean,4046,16.898734552644587,21.414851874821913,4.371695501730104,0.0651255632532521,0,0,0.0,0,0,0.0,2332,57.6,0.3158,0,0.0,0.0,0.0,20260304_203403
Situational,4046,15.669948096885813,20.21963286788148,4.359710825506673,0.0684134301346203,0,0,0.0,0,0,0.0,2360,58.3,0.3057,0,0.0,0.0,0.0,20260304_203403
CAGERankings,4046,14.828855659911024,19.120873122115828,4.322983193277311,0.05924594671350994,0,0,0.0,0,0,0.0,2324,57.4,0.3018,0,0.0,0.0,0.0,20260304_203403
LuckRegression,4046,13.252172516065249,16.900564389777937,4.273299555116164,0.060134864635300746,0,0,0.0,0,0,0.0,2333,57.7,0.2861,0,0.0,0.0,0.0,20260304_203403
Variance,4046,11.994792387543253,15.481067298827478,4.269508156203658,0.0598629989227446,0,0,0.0,0,0,0.0,2324,57.4,0.2635,0,0.0,0.0,0.0,20260304_203403
HomeAwayForm,4046,19.1811789421651,24.787206097792744,4.370185368264953,0.06003177988319242,0,0,0.0,0,0,0.0,2324,57.4,0.3301,0,0.0,0.0,0.0,20260304_203403
Ensemble,4046,12.529077949811786,16.139179436389146,4.29679951386142,0.06797673456367978,0,0,0.0,0,0,0.0,2358,58.3,0.2733,0,0.0,0.0,0.0,20260304_203403
