model_name,n_games,spread_mae,spread_rmse,spread_bias,spread_r2,n_ats_games,ats_correct,ats_pct,n_ou_games,ou_correct,ou_pct,win_correct,win_pct,brier_score,n_edge_games,edge_ats_pct,edge_roi_sim,conf_ats_corr,pipeline_run_id
FourFactors,1492,10.832231903485255,13.536607829938598,2.8445241286863268,0.014947805143076566,20,12,60.0,20,6,30.0,799,53.6,0.2496,17,70.6,34.8,-0.029,20260305_215134
AdjEfficiency,1492,13.156313672922252,16.655034602604132,3.5409517426273456,0.09253120352488708,20,12,60.0,20,6,30.0,882,59.1,0.2865,18,61.1,16.7,0.0,20260305_215134
Pythagorean,1492,11.905268096514748,14.954485801136979,3.4752815013404823,0.12156954351416972,20,11,55.0,20,7,35.0,899,60.3,0.2721,17,64.7,23.5,0.0,20260305_215134
Situational,1492,14.154309651474533,17.967854247518083,3.72666890080429,0.06354812985305933,20,13,65.0,20,6,30.0,869,58.2,0.3035,17,64.7,23.5,0.0,20260305_215134
CAGERankings,1492,13.256353887399463,16.799122060712694,3.560040214477212,0.09342556882240372,20,12,60.0,20,7,35.0,880,59.0,0.2873,18,61.1,16.7,0.0,20260305_215134
LuckRegression,1492,12.241340482573728,15.34820569631886,3.448458445040215,0.07861455687139439,20,12,60.0,20,7,35.0,877,58.8,0.2839,17,64.7,23.5,0.0,20260305_215134
Variance,1492,10.42308981233244,13.091449512377178,3.1086126005361927,0.0909985231357121,20,12,60.0,20,5,25.0,882,59.1,0.2427,18,61.1,16.7,0.187,20260305_215134
HomeAwayForm,1492,13.119638069705093,16.130365125702266,-10.217560321715817,0.1979144139608218,20,13,65.0,20,7,35.0,946,63.4,0.2615,17,58.8,12.3,0.0,20260305_215134
Ensemble,1492,10.698331936997318,13.512693470683375,1.6858721514745307,0.11777240354046643,20,12,60.0,20,13,65.0,923,61.9,0.2481,18,61.1,16.7,0.062,20260305_215134
