model_name,n_games,spread_mae,spread_rmse,spread_bias,spread_r2,n_ats_games,ats_correct,ats_pct,n_ou_games,ou_correct,ou_pct,win_correct,win_pct,brier_score,n_edge_games,edge_ats_pct,edge_roi_sim,conf_ats_corr,pipeline_run_id
FourFactors,118,11.739152542372883,14.321423504192612,3.313050847457627,0.005369661596242815,0,0,0.0,0,0,0.0,68,57.6,0.2495,0,0.0,0.0,0.0,20260304_205156
AdjEfficiency,118,14.197627118644066,17.892705312216776,4.132203389830508,0.06814398211226672,0,0,0.0,0,0,0.0,60,50.8,0.3271,0,0.0,0.0,0.0,20260304_205156
Pythagorean,118,13.13542372881356,16.36711771732828,4.144067796610169,0.08400766150613209,0,0,0.0,0,0,0.0,60,50.8,0.3261,0,0.0,0.0,0.0,20260304_205156
Situational,118,15.413135593220339,19.386521637117905,4.372118644067795,0.04121191206597444,0,0,0.0,0,0,0.0,59,50.0,0.3554,0,0.0,0.0,0.0,20260304_205156
CAGERankings,118,14.286949152542373,18.06740486744203,4.168135593220338,0.06810741381707781,0,0,0.0,0,0,0.0,61,51.7,0.3277,0,0.0,0.0,0.0,20260304_205156
LuckRegression,118,13.644067796610171,16.819522202448084,4.008474576271187,0.04725653867394552,0,0,0.0,0,0,0.0,61,51.7,0.3397,0,0.0,0.0,0.0,20260304_205156
Variance,118,11.484152542372883,14.056247510192632,3.602118644067797,0.06986200003357561,0,0,0.0,0,0,0.0,60,50.8,0.2599,0,0.0,0.0,0.0,20260304_205156
HomeAwayForm,118,12.361186440677967,15.119456541215193,-7.8540677966101695,0.19482677848953064,0,0,0.0,0,0,0.0,77,65.3,0.2328,0,0.0,0.0,0.0,20260304_205156
Ensemble,118,11.864957627118644,14.651225324942818,2.4857627118644072,0.08707168185001353,0,0,0.0,0,0,0.0,63,53.4,0.282,0,0.0,0.0,0.0,20260304_205156
