{
  "coef": [
    0.14830966412094682,
    0.14422787630882464,
    0.001855788752714098
  ],
  "intercept": -1.1481901619914163,
  "features": [
    "ens_confidence",
    "spread_std",
    "cage_edge"
  ],
  "trained_at": "2026-02-26T12:00:10.366944+00:00",
  "n_samples": 88,
  "brier_score": 0.23641753652306124
}