bucket,n,expected_win_rate,actual_win_rate,calibration_gap
75-80%,392,0.772937181122449,0.5510204081632653,-0.22191677295918377
80-90%,11,0.8073636363636364,0.7272727272727273,-0.0800909090909091
