prob_bucket,n_games,predicted_win_rate,actual_win_rate,calibration_error
00-10%,0,,,
10-20%,0,,,
20-30%,0,,,
30-40%,40,0.38487499999999997,0.65,0.26512500000000006
40-50%,841,0.46017360285374553,0.629013079667063,0.16883947681331746
50-60%,311,0.5203408360128617,0.7041800643086816,0.1838392282958199
60-70%,0,,,
70-80%,0,,,
80-90%,13,0.8698461538461538,0.7692307692307693,0.10061538461538455
90-100%,27,0.9385555555555556,0.5555555555555556,0.383
