{
  "coef": [
    1.5981828989651437,
    1.882139419207769,
    -0.7000663352299679,
    -1.0361210741028235,
    -2.5464877667322354,
    0.4555670578600222,
    -3.429575739718646,
    0.06137393717444868,
    -1.490357286153,
    0.0
  ],
  "intercept": 4.104953149144003,
  "features": [
    "m1_spread",
    "m2_spread",
    "m3_spread",
    "m4_spread",
    "m5_spread",
    "m6_spread",
    "m7_spread",
    "m8_spread",
    "cage_edge",
    "barthag_diff"
  ],
  "trained_at": "2026-03-04T20:52:00.389754+00:00",
  "n_samples": 118,
  "train_samples": 95,
  "holdout_samples": 23,
  "train_mae": 9.68239353137081,
  "holdout_mae_ridge": 9.110523962850463,
  "holdout_mae_weighted": 17.956249999999997,
  "holdout_mae_improvement": 8.845726037149534,
  "use_stacking_recommended": true
}