{
  "coef": [
    -4.544984438935075,
    -1.2524972897948983,
    -0.534758229933855,
    -0.23037902556081494,
    -1.3125402454546515,
    0.3366369287516049,
    1.116355146356608,
    0.03601519689568513,
    -1.1128377202248185,
    0.0
  ],
  "intercept": 3.291546864516525,
  "features": [
    "m1_spread",
    "m2_spread",
    "m3_spread",
    "m4_spread",
    "m5_spread",
    "m6_spread",
    "m7_spread",
    "m8_spread",
    "cage_edge",
    "barthag_diff"
  ],
  "trained_at": "2026-03-05T21:51:57.645537+00:00",
  "n_samples": 1492,
  "train_samples": 1194,
  "holdout_samples": 298,
  "train_mae": 8.847707847558032,
  "holdout_mae_ridge": 9.203830173695389,
  "holdout_mae_weighted": 15.434454697986576,
  "holdout_mae_improvement": 6.230624524291187,
  "use_stacking_recommended": true
}